CD_CHAVE_ACESSO_NFE|DT_MOVIMENTO|NR_NF|DT_COMPETENCIA|CD_FILIAL|CD_PRODUTO|DS_PRODUTO|QT_MOVIMENTO|VL_MOVIM_PRODU|VL_ICMS_MOVIM|VL_ICMS_OPERA_PROPR|VL_RETID_MOVIM|VL_CUSTO_MEDIO|VL_CREDI_PIS|VL_CREDI_COFINS|VL_ICMS_NF|VL_ICMS_OPERA_PROPR_NF|VL_DESC_ITEM|VL_ICMS_ST_GARE|VL_IPI|VL_ICMS_ST_SUBSTITUIDO|VL_OUTRAS_DESPESAS|VL_FRETE
XXXXXXXXXXXXXXXXXXXXXXXXXXXXXXXXXXXXXXXXXXX1|13/01/2022|262527|13/01/2022|1837|72885|XXXXXX  XXXXX XXXXX|1|75,53|0|13,59|3,02|82,9759|0|0|13,59|13,6|9,82|0|0|-|0|0
XXXXXXXXXXXXXXXXXXXXXXXXXXXXXXXXXXXXXXXXXXX1|13/01/2022|262527|13/01/2022|1837|33853|"XXXXXXX XXXXX XX'X"|1|62,79|0|11,3|2,51|68,8291|0|0|11,3|11,3|8,05|0|0|-|0|0
XXXXXXXXXXXXXXXXXXXXXXXXXXXXXXXXXXXXXXXXXXX1|13/01/2022|262527|13/01/2022|1837|75229|"XXXXXXXX XXX XXX XX'X"|1|8,01|0|1,44|0,32|12,7554|0|0|1,44|1,44|39,08|0|0|-|0|0
XXXXXXXXXXXXXXXXXXXXXXXXXXXXXXXXXXXXXXXXXXX1|13/01/2022|262527|13/01/2022|1837|50973|XXX XXXXXXXXX XXXX|1|19,96|0|3,59|0,8|20,8088|0|0|3,59|3,59|1,74|0|0|-|0|0
XXXXXXXXXXXXXXXXXXXXXXXXXXXXXXXXXXXXXXXXXXX1|13/01/2022|262527|13/01/2022|1837|10563|"XXXXX XXXXX X'X"|7|151,55|0|27,27|6,09|22,5155|0|0|27,27|27,28|19,46|0|0|-|0|0
XXXXXXXXXXXXXXXXXXXXXXXXXXXXXXXXXXXXXXXXXXX1|13/01/2022|262527|13/01/2022|1837|23022|XXXXXXXXX X/XXXX XXX|1|27,7|0|4,98|1,11|28,9701|0|0|4,98|4,99|2,41|0|0|-|0|0
XXXXXXXXXXXXXXXXXXXXXXXXXXXXXXXXXXXXXXXXXXX1|13/01/2022|262527|13/01/2022|1837|16570|XXXXXXXX XXX+XXXXX XXX|1|106,83|0|19,22|4,27|117,098|0|0|19,22|19,23|13,69|0|0|-|0|0
XXXXXXXXXXXXXXXXXXXXXXXXXXXXXXXXXXXXXXXXXXX1|13/01/2022|262527|13/01/2022|1837|33861|"XXXXXXX XXXXX XX'X"|1|86,48|0|15,56|3,46|94,523|0|0|15,56|15,57|11,08|0|0|-|0|0
XXXXXXXXXXXXXXXXXXXXXXXXXXXXXXXXXXXXXXXXXXX1|13/01/2022|262527|13/01/2022|1837|39228|"XXXXXXXX XXXXX XXX X'X"|1|16,15|0|2,9|0,65|20,8076|0|0|2,9|2,91|32,78|0|0|-|0|0
XXXXXXXXXXXXXXXXXXXXXXXXXXXXXXXXXXXXXXXXXXX1|13/01/2022|262527|13/01/2022|1837|55601|XXXXXXXXX XXXXXX XXXX|3|32,88|0|5,91|1,32|15,7548|0|0|5,91|5,92|116,64|0|0|-|0|0
XXXXXXXXXXXXXXXXXXXXXXXXXXXXXXXXXXXXXXXXXXX1|13/01/2022|262527|13/01/2022|1837|94023|XXXXXXXX XXXX/XX XXXX|2|113,38|0|20,4|4,54|59,9914|0|0|20,4|20,41|11,7|0|0|-|0|0
XXXXXXXXXXXXXXXXXXXXXXXXXXXXXXXXXXXXXXXXXXX1|13/01/2022|262527|13/01/2022|1837|71833|XXXXX XXXXX XXXX XXXX|1|28,95|0|5,21|1,16|30,4141|0|0|5,21|5,21|3,71|0|0|-|0|0
XXXXXXXXXXXXXXXXXXXXXXXXXXXXXXXXXXXXXXXXXXX1|13/01/2022|262527|13/01/2022|1837|31629|XXX XXXXX X/XXX XXXXX|2|72,42|0|13,03|2,9|38,3204|0|0|13,03|13,04|9,28|0|0|-|0|0
XXXXXXXXXXXXXXXXXXXXXXXXXXXXXXXXXXXXXXXXXXX1|13/01/2022|262527|13/01/2022|1837|24939|"XXXXXXXXXX XXX XXX X'X"|2|16,1|0|2,89|0,64|13,0428|0|0|2,89|2,9|64,36|0|0|-|0|0
XXXXXXXXXXXXXXXXXXXXXXXXXXXXXXXXXXXXXXXXXXX1|13/01/2022|262527|13/01/2022|1837|78708|"XXXXX-XX XX XXX XX'X"|1|46,47|0|8,36|1,86|49,5586|0|0|8,36|8,36|5,96|0|0|-|0|0
XXXXXXXXXXXXXXXXXXXXXXXXXXXXXXXXXXXXXXXXXXX1|13/01/2022|262527|13/01/2022|1837|28459|"XXXXXXXX XXX XXX X'X"|2|13,74|0|2,47|0,54|10,3865|0|0|2,47|2,47|62,62|0|0|-|0|0
XXXXXXXXXXXXXXXXXXXXXXXXXXXXXXXXXXXXXXXXXXX1|13/01/2022|262527|13/01/2022|1837|67427|XXXX XXXX XXX|1|49,79|0|8,96|1,99|54,7547|0|0|8,96|8,96|6,38|0|0|-|0|0
XXXXXXXXXXXXXXXXXXXXXXXXXXXXXXXXXXXXXXXXXXX1|13/01/2022|262527|13/01/2022|1837|9875|"XXXXXXXX XXXXX XXX X'X"|1|26,21|0|4,71|1,05|39,0327|0|0|4,71|4,72|103,52|0|0|-|0|0
XXXXXXXXXXXXXXXXXXXXXXXXXXXXXXXXXXXXXXXXXXX1|13/01/2022|262527|13/01/2022|1837|51408|"XXXXX XXX XX X'X"|3|26,01|0|4,68|1,05|9,2755|0|0|4,68|4,68|3,33|0|0|-|0|0
XXXXXXXXXXXXXXXXXXXXXXXXXXXXXXXXXXXXXXXXXXX1|13/01/2022|262527|13/01/2022|1837|60525|"XXXXXX  XXXXX XX'X"|1|35,31|0|6,35|1,41|38,6136|0|0|6,35|6,36|4,52|0|0|-|0|0
XXXXXXXXXXXXXXXXXXXXXXXXXXXXXXXXXXXXXXXXXXX1|13/01/2022|262527|13/01/2022|1837|26805|XXXXX XXXXX XXX XX,XXX|1|41,23|0|7,42|1,65|43,8753|0|0|7,42|7,42|5,28|0|0|-|0|0
XXXXXXXXXXXXXXXXXXXXXXXXXXXXXXXXXXXXXXXXXXX1|13/01/2022|262527|13/01/2022|1837|98360|"XXX XXXXXX X'X"|1|22,11|0|3,97|0,88|23,132|0|0|3,97|3,98|2,84|0|0|-|0|0
XXXXXXXXXXXXXXXXXXXXXXXXXXXXXXXXXXXXXXXXXXX1|13/01/2022|262527|13/01/2022|1837|16202|"XXXXX XXXXX XX'X"|1|30,13|0|5,42|1,21|31,7352|0|0|5,42|5,42|3,86|0|0|-|0|0
XXXXXXXXXXXXXXXXXXXXXXXXXXXXXXXXXXXXXXXXXXX1|13/01/2022|262527|13/01/2022|1837|51096|"XXXXXXXXX XXXXX XX'X"|3|89,94|0|16,18|3,6|31,4982|0|0|16,18|16,19|11,52|0|0|-|0|0
XXXXXXXXXXXXXXXXXXXXXXXXXXXXXXXXXXXXXXXXXXX1|13/01/2022|262527|13/01/2022|1837|72800|XXXXXXXXX XXX XXX XXXX|3|27,09|0|4,87|1,08|14,6913|0|0|4,87|4,88|108,39|0|0|-|0|0
XXXXXXXXXXXXXXXXXXXXXXXXXXXXXXXXXXXXXXXXXXX1|13/01/2022|262527|13/01/2022|1837|67068|XXXXXXX XXX XX - X|4|150,16|0|27,02|6|43,8966|0|0|27,02|27,03|20,72|0|0|-|0|0
XXXXXXXXXXXXXXXXXXXXXXXXXXXXXXXXXXXXXXXXXXX1|13/01/2022|262527|13/01/2022|1837|26663|XXXX+XXX XXX XXX XXX|1|17,88|0|3,21|0,72|33,2996|0|0|3,21|3,22|87,3|0|0|-|0|0
XXXXXXXXXXXXXXXXXXXXXXXXXXXXXXXXXXXXXXXXXXX1|13/01/2022|262527|13/01/2022|1837|7950|XXXXXXXX XXX+XXXXX XXX|3|112,41|0|20,23|4,5|40,0506|0|0|20,23|20,23|14,4|0|0|-|0|0
XXXXXXXXXXXXXXXXXXXXXXXXXXXXXXXXXXXXXXXXXXX1|13/01/2022|262527|13/01/2022|1837|38536|XXXX+XXX XXX XXX XXX|2|40,66|0|7,31|1,62|30,1415|0|0|7,31|7,32|185,22|0|0|-|0|0
XXXXXXXXXXXXXXXXXXXXXXXXXXXXXXXXXXXXXXXXXXX1|13/01/2022|262527|13/01/2022|1837|66894|XXXXXXXXXXXX XXXXXX XX|1|17,81|0|3,2|0,71|26,2756|0|0|3,2|3,21|50,69|0|0|-|0|0
XXXXXXXXXXXXXXXXXXXXXXXXXXXXXXXXXXXXXXXXXXX1|13/01/2022|262527|13/01/2022|1837|1027|XXXXXXXXX XXXX XXX+XXX|2|49,84|0|8,97|2|32,4789|0|0|8,97|8,97|116,28|0|0|-|0|0
XXXXXXXXXXXXXXXXXXXXXXXXXXXXXXXXXXXXXXXXXXX1|13/01/2022|262527|13/01/2022|1837|75804|"XXXXX XXXXX XX'X"|1|83,16|0|14,96|3,33|86,7416|0|0|14,96|14,97|10,66|0|0|-|0|0
XXXXXXXXXXXXXXXXXXXXXXXXXXXXXXXXXXXXXXXXXXX2|14/01/2022|262629|13/01/2022|1854|74691|"XXXXXX XX'X"|1|41,45|0|7,46|1,66|43,5128|0|0|7,46|7,46|4,92|0|0|-|0|0
XXXXXXXXXXXXXXXXXXXXXXXXXXXXXXXXXXXXXXXXXXX2|14/01/2022|262629|13/01/2022|1854|7379|XXXXXXXX XXXXXX XXXXX|1|17,49|0|3,14|0,7|18,2578|0|0|3,14|3,15|2,24|0|0|-|0|0
XXXXXXXXXXXXXXXXXXXXXXXXXXXXXXXXXXXXXXXXXXX2|14/01/2022|262629|13/01/2022|1854|45529|"XXXXXXXXX XXXXX XX'X"|1|31,01|0|5,58|1,24|34,0613|0|0|5,58|5,58|4,17|0|0|-|0|0
XXXXXXXXXXXXXXXXXXXXXXXXXXXXXXXXXXXXXXXXXXX2|14/01/2022|262629|13/01/2022|1854|7329|XXXXXXXX XXX XXX,XXX|3|33,63|0|6,05|1,35|11,7341|0|0|6,05|6,05|4,32|0|0|-|0|0
XXXXXXXXXXXXXXXXXXXXXXXXXXXXXXXXXXXXXXXXXXX2|14/01/2022|262629|13/01/2022|1854|23473|"XXXXXXXXXX XXXXXX XX'X"|1|27,68|0|4,98|1,11|34,4316|0|0|4,98|4,98|33,84|0|0|-|0|0
XXXXXXXXXXXXXXXXXXXXXXXXXXXXXXXXXXXXXXXXXXX2|14/01/2022|262629|13/01/2022|1854|7297|"XXXXXX X,XXX XX'X"|1|44,32|0|7,97|1,77|48,4837|0|0|7,97|7,98|5,68|0|0|-|0|0
XXXXXXXXXXXXXXXXXXXXXXXXXXXXXXXXXXXXXXXXXXX2|14/01/2022|262629|13/01/2022|1854|11724|"XXXXXXXX X,XXX XX'X"|1|37,49|0|6,74|1,5|39,3522|0|0|6,74|6,75|4,8|0|0|-|0|0
XXXXXXXXXXXXXXXXXXXXXXXXXXXXXXXXXXXXXXXXXXX2|14/01/2022|262629|13/01/2022|1854|15935|"XXXXXX XX XX XX 'X"|1|35,36|0|6,36|1,41|36,8889|0|0|6,36|6,36|4,53|0|0|-|0|0
XXXXXXXXXXXXXXXXXXXXXXXXXXXXXXXXXXXXXXXXXXX2|14/01/2022|262629|13/01/2022|1854|18941|"XXXXXXXXX X XX XX 'X"|1|52,91|0|9,52|2,12|55,8029|0|0|9,52|9,52|7,46|0|0|-|0|0
XXXXXXXXXXXXXXXXXXXXXXXXXXXXXXXXXXXXXXXXXXX2|14/01/2022|262629|13/01/2022|1854|5472|"XXXXXXXXXXXXXX XX'X"|1|7,83|0|1,4|0,31|8,5809|0|0|1,4|1,41|0,93|0|0|-|0|0
XXXXXXXXXXXXXXXXXXXXXXXXXXXXXXXXXXXXXXXXXXX2|14/01/2022|262629|13/01/2022|1854|39086|XXXXXXX XX XXXXXX XXXX|1|47,95|0|8,63|1,92|50,2316|0|0|8,63|8,63|6,15|0|0|-|0|0
XXXXXXXXXXXXXXXXXXXXXXXXXXXXXXXXXXXXXXXXXXX2|14/01/2022|262629|13/01/2022|1854|71108|"XXXXXXX XXXX XX'X"|1|81,96|0|14,75|3,28|86,7848|0|0|14,75|14,75|11,31|0|0|-|0|0
XXXXXXXXXXXXXXXXXXXXXXXXXXXXXXXXXXXXXXXXXXX2|14/01/2022|262629|13/01/2022|1854|39960|XXXXXXXXXXXX XX XXX XX|1|54,07|0|9,73|2,16|55,8002|0|0|9,73|9,73|36,04|0|0|-|0|0
XXXXXXXXXXXXXXXXXXXXXXXXXXXXXXXXXXXXXXXXXXX2|14/01/2022|262629|13/01/2022|1854|21087|"XXXXXXXX XXX XX'X"|1|19,73|0|3,55|0,79|20,3339|0|0|3,55|3,55|2,28|0|0|-|0|0
XXXXXXXXXXXXXXXXXXXXXXXXXXXXXXXXXXXXXXXXXXX2|14/01/2022|262629|13/01/2022|1854|22331|XXXXXXXX XXX|1|78,54|0|14,13|3,14|84,8529|0|0|14,13|14,14|11,62|0|0|-|0|0
XXXXXXXXXXXXXXXXXXXXXXXXXXXXXXXXXXXXXXXXXXX2|14/01/2022|262629|13/01/2022|1854|65165|"XXXXXXXX XXXX XXX XX'X"|3|45,87|0|8,25|1,83|16,0046|0|0|8,25|8,26|19,65|0|0|-|0|0
XXXXXXXXXXXXXXXXXXXXXXXXXXXXXXXXXXXXXXXXXXX2|14/01/2022|262629|13/01/2022|1854|62437|"XXXXXX XXXX X'X"|1|39,23|0|7,06|1,57|40,8084|0|0|7,06|7,06|8,04|0|0|-|0|0
XXXXXXXXXXXXXXXXXXXXXXXXXXXXXXXXXXXXXXXXXXX2|14/01/2022|262629|13/01/2022|1854|50092|XXXXXXXXXX X,X XXX XXX|2|85,82|0|15,44|3,44|72,6385|0|0|15,44|15,45|200,22|0|0|-|0|0
XXXXXXXXXXXXXXXXXXXXXXXXXXXXXXXXXXXXXXXXXXX2|14/01/2022|262629|13/01/2022|1854|74843|"XXXXXX XXXX X'X"|1|78,44|0|14,11|3,14|81,8601|0|0|14,11|14,12|16,07|0|0|-|0|0
XXXXXXXXXXXXXXXXXXXXXXXXXXXXXXXXXXXXXXXXXXX2|14/01/2022|262629|13/01/2022|1854|20747|XXXXXXX XX XXXXX XXXX|9|214,56|0|38,62|8,55|24,7811|0|0|38,62|38,62|27,54|0|0|-|0|0
XXXXXXXXXXXXXXXXXXXXXXXXXXXXXXXXXXXXXXXXXXX2|14/01/2022|262629|13/01/2022|1854|5279|XXXXXXXXXX XXXXXXX XXX|1|102,07|0|18,37|4,08|109,6508|0|0|18,37|18,37|13,08|0|0|-|0|0
XXXXXXXXXXXXXXXXXXXXXXXXXXXXXXXXXXXXXXXXXXX2|14/01/2022|262629|13/01/2022|1854|46734|"XXXXXXX XXX XX'X"|1|111,46|0|20,06|4,46|119,5217|0|0|20,06|20,06|13,22|0|0|-|0|0
XXXXXXXXXXXXXXXXXXXXXXXXXXXXXXXXXXXXXXXXXXX2|14/01/2022|262629|13/01/2022|1854|5555|XXXXXXXXXX XXXXXXX XX|2|78,74|0|14,17|3,14|42,0143|0|0|14,17|14,17|10,08|0|0|-|0|0
XXXXXXXXXXXXXXXXXXXXXXXXXXXXXXXXXXXXXXXXXXX2|14/01/2022|262629|13/01/2022|1854|41306|XXXXX XXXXX XX XX XXX|1|46,18|0|8,31|1,85|49,7824|0|0|8,31|8,31|5,92|0|0|-|0|0
XXXXXXXXXXXXXXXXXXXXXXXXXXXXXXXXXXXXXXXXXXX2|14/01/2022|262629|13/01/2022|1854|45560|"XXXXX X,XXX XX'X"|1|144,78|0|26,06|5,79|153,115|0|0|26,06|26,06|24,4|0|0|-|0|0
XXXXXXXXXXXXXXXXXXXXXXXXXXXXXXXXXXXXXXXXXXX2|14/01/2022|262629|13/01/2022|1854|51065|"XXXXXXXXXX XXX XX'X"|1|12,01|0|2,16|0,48|15,696|0|0|2,16|2,16|32,49|0|0|-|0|0
XXXXXXXXXXXXXXXXXXXXXXXXXXXXXXXXXXXXXXXXXXX2|14/01/2022|262629|13/01/2022|1854|69373|XXXX-X XXXXX XXX|1|26,51|0|4,77|1,06|27,7992|0|0|4,77|4,77|3,4|0|0|-|0|0
XXXXXXXXXXXXXXXXXXXXXXXXXXXXXXXXXXXXXXXXXXX2|14/01/2022|262629|13/01/2022|1854|18868|"XXXXXXXXX X,X XX XXX'X"|1|119,53|0|21,51|4,78|126,8831|0|0|21,51|21,52|16,86|0|0|-|0|0
XXXXXXXXXXXXXXXXXXXXXXXXXXXXXXXXXXXXXXXXXXX2|14/01/2022|262629|13/01/2022|1854|93524|"XXXXXXXXXX XX XXX XX'X"|1|9,27|0|1,66|0,37|9,621|0|0|1,66|1,67|5,21|0|0|-|0|0
XXXXXXXXXXXXXXXXXXXXXXXXXXXXXXXXXXXXXXXXXXX2|14/01/2022|262629|13/01/2022|1854|28686|"XXXXX XXXXX XX XX'X"|1|92,52|0|16,65|3,7|99,7399|0|0|16,65|16,65|11,86|0|0|-|0|0
XXXXXXXXXXXXXXXXXXXXXXXXXXXXXXXXXXXXXXXXXXX2|14/01/2022|262629|13/01/2022|1854|51305|"XXXXXX XXXXX XX'X"|1|25,05|0|4,5|1|26,0427|0|0|4,5|4,51|3,21|0|0|-|0|0
XXXXXXXXXXXXXXXXXXXXXXXXXXXXXXXXXXXXXXXXXXX2|14/01/2022|262629|13/01/2022|1854|11725|"XXXXXXXX XXX XX'X"|2|74,98|0|13,49|3|39,4393|0|0|13,49|13,5|9,6|0|0|-|0|0
